"Id";"Designator";"Footprint";"Quantity";"Designation";"Supplier and ref";
1;"D39,D10,D55,D16,D58,D1,D57,D61,D18,D30,D64,D28,D23,D45,D41,D66,D2,D62,D56,D4,D29,D38,D24,D22,D43,D17,D21,D12,D52,D53,D25,D9,D5,D31,D42,D11,D37,D6,D60,D49,D36,D63,D51,D67,D20,D8,D32,D65,D15,D19,D48,D47,D7,D3,D54,D14,D46,D26,D13,D44,D33,D40,D59,D35,D27,D50,D34";"D_DO-35_SOD27_P7.62mm_Horizontal";67;"1N4148";https://www.aliexpress.com/item/1005009379098965.html?spm=a2g0o.cart.0.0.645838daphs3Sn&mp=1&pdp_npi=6%40dis%21USD%21USD+3.91%21USD+1.35%21%21USD+1.35%21%21%21%400b88a95617913034530713732e1152%2112000048926087942%21ct%21UK%21-1%21%211%210%21;$3.91;
2;"SW52,SW11,SW24,SW63,SW28,SW12,SW38,SW57,SW55,SW8,SW16,SW17,SW26,SW61,SW58,SW40,SW51,SW50,SW4,SW15,SW56,SW2,SW47,SW41,SW44,SW39,SW67,SW10,SW21,SW9,SW45,SW59,SW49,SW19,SW43,SW14,SW3,SW53,SW20,SW13,SW54,SW30,SW36,SW27,SW34,SW48,SW31,SW33,SW65,SW7,SW66,SW64,SW46,SW42,SW5,SW32,SW25,SW23,SW18,SW22,SW68,SW62,SW6,SW35,SW60,SW37,SW29";"SW_MX_1u";67;"SW_Push";https://www.aliexpress.com/item/1005010169995953.html?spm=a2g0o.cart.0.0.645838daphs3Sn&mp=1&pdp_npi=6%40dis%21USD%21USD+40.48%21USD+17.63%21%21USD+17.63%21%21%21%400b88a95617913034530713732e1152%2112000051507739468%21ct%21UK%21-1%21%211%210%21;$19.03;
3;"S1,S2,S3,S4";"STAB_MX_P_2u";2;"MX_stab";https://www.aliexpress.com/item/1005004286282216.html?spm=a2g0o.cart.0.0.645838daphs3Sn&mp=1&pdp_npi=6%40dis%21USD%21USD+23.75%21USD+23.75%21%21USD+23.75%21%21%21%400b88a95617913034530713732e1152%2112000036975505444%21ct%21UK%21-1%21%211%210%21;$23.75;
4;"SW1";"ROT_Alps_EC11E-Switch";1;"RotaryEncoder_Switch";;free;
5;"A1";"RaspberryPi_Pico_Common_THT";1;"RaspberryPi_Pico";https://www.aliexpress.com/item/1005008948799927.html?spm=a2g0o.productlist.main.32.7fb850663NzIRD&aem_p4p_detail=202610060923182504055076622950006262498&algo_pvid=23066616-0435-4661-840d-bc20a6322baf&algo_exp_id=23066616-0435-4661-840d-bc20a6322baf-31&pdp_ext_f=%7B%22order%22%3A%221839%22%2C%22eval%22%3A%221%22%2C%22fromPage%22%3A%22search%22%7D&pdp_npi=6%40dis%21USD%213.59%213.59%21%21%2123.95%2123.95%21%400b15832917913037981152206e109a%2112000047322739295%21sea%21UK%210%21ABX%211%210%21n_tag%3A-29910%3Bd%3A595637d5%3Bm03_new_user%3A-29895&curPageLogUid=gA2XHZhrixAo&utparam-url=scene%3Asearch%7Cquery_from%3A%7Cx_object_id%3A1005008948799927%7C_p_origin_prod%3A&search_p4p_id=202610060923182504055076622950006262498_9;$3.59;
6;;"Eva Foam";;1;https://www.aliexpress.com/item/1005002856054113.html?spm=a2g0o.cart.0.0.645838daphs3Sn&mp=1&pdp_npi=6%40dis%21USD%21USD+5.37%21USD+1.35%21%21USD+1.35%21%21%21%400b88a95617913034530713732e1152%2112000022477732796%21ct%21UK%21-1%21%211%210%21&pdp_ext_f=%7B%22cart2PdpParams%22%3A%7B%22pdpBusinessMode%22%3A%22retail%22%7D%7D:$1.35:
7;;"Flux";;1;https://www.aliexpress.com/item/1005010513692131.html?spm=a2g0o.cart.0.0.645838daphs3Sn&mp=1&pdp_npi=6%40dis%21USD%21USD+5.20%21USD+1.35%21%21USD+1.35%21%21%21%400b88a95617913034530713732e1152%2112000052657320793%21ct%21UK%21-1%21%211%210%21;$1.35;
8;;"Desoldering wick";;1;https://www.aliexpress.com/item/1005008563077640.html?spm=a2g0o.cart.0.0.645838daphs3Sn&mp=1&pdp_npi=6%40dis%21USD%21USD+2.78%21USD+1.35%21%21USD+1.35%21%21%21%400b88a95617913034530713732e1152%2112000045733458897%21ct%21UK%21-1%21%211%210%21;$1.35;
9;;"O rings";;1;https://www.aliexpress.com/item/1005008292633323.html?spm=a2g0o.cart.0.0.ea5b38daZ1ymXp&mp=1&pdp_npi=6%40dis%21USD%21USD+1.55%21USD+1.49%21%21USD+1.49%21%21%21%4021613ab217913087255263735e13c5%2112000044513202470%21ct%21UK%21-1%21%211%210%21;$1.35;
10;;"Keycap set";;1;https://www.aliexpress.com/item/1005009502593166.html?spm=a2g0o.cart.0.0.645838daphs3Sn&mp=1&pdp_npi=6%40dis%21USD%21USD+32.98%21USD+31.86%21%21USD+31.86%21%21%21%400b88a95617913034530713732e1152%2112000049298110407%21ct%21UK%21-1%21%211%210%21;$31.68;
